{
  "status": "success",
  "name": "Toffee Live Channels",
  "owner": "Abu SAEEID X",
  "channels_amount": 52,
  "Last_update": "2025-08-25",
  "response": [
    {
      "category_name": "Movies",
      "name": "Sony PIX HD",
      "link": "https://bldcmprod-cdn.toffeelive.com/cdn/live/sonypix_hd/playlist.m3u8",
      "headers": {
        "Host": "bldcmprod-cdn.toffeelive.com",
        "cookie": "Edge-Cache-Cookie=URLPrefix=aHR0cHM6Ly9ibGRjbXByb2QtY2RuLnRvZmZlZWxpdmUuY29t:Expires=1756299874:KeyName=prod_linear:Signature=c5-oOjm8dddSXIR1g8O_zvWfnLoiKGE-vkvzKyb8y2P_oGg0iEF1v2ibloafPm5fYqAnnXYVMW-PhsgHsxdGDA",
        "user-agent": "Toffee Abu SAEEID X (Linux;Android 14) AndroidXMedia3/1.1.1/64103898/4d2ec9b8c7534adc",
        "client-api-header": "null",
        "accept-encoding": "gzip"
      },
      "logo": "https://assets-prod.services.toffeelive.com/f_png,w_300,q_85/Ly6C-JQBv9knK3AHOjXt/posters/252e64ca-8d99-46e7-a951-e10c1703c11d.webp"
    },
    {
      "category_name": "Movies",
      "name": "Sony MAX 2",
      "link": "https://bldcmprod-cdn.toffeelive.com/cdn/live/sonymax_2/playlist.m3u8",
      "headers": {
        "Host": "bldcmprod-cdn.toffeelive.com",
        "cookie": "Edge-Cache-Cookie=URLPrefix=aHR0cHM6Ly9ibGRjbXByb2QtY2RuLnRvZmZlZWxpdmUuY29t:Expires=1756299880:KeyName=prod_linear:Signature=YAhF5SHHw4uNr9ahKCVfmo6MTwV4VPvFdTb3uTc-cO5Gnsu7xpICVgOXG9li05KW-F7ExhFmaQ4FDfr9oMxkDQ",
        "user-agent": "Toffee Abu SAEEID X (Linux;Android 14) AndroidXMedia3/1.1.1/64103898/4d2ec9b8c7534adc",
        "client-api-header": "null",
        "accept-encoding": "gzip"
      },
      "logo": "https://assets-prod.services.toffeelive.com/f_png,w_300,q_85/Ii5_-JQBv9knK3AHLDV3/posters/d961cc87-81b6-4b30-8414-8c0af2774818.webp"
    },
    {
      "category_name": "Movies",
      "name": "Sony MAX HD",
      "link": "https://bldcmprod-cdn.toffeelive.com/cdn/live/sony_max_hd/playlist.m3u8",
      "headers": {
        "Host": "bldcmprod-cdn.toffeelive.com",
        "cookie": "Edge-Cache-Cookie=URLPrefix=aHR0cHM6Ly9ibGRjbXByb2QtY2RuLnRvZmZlZWxpdmUuY29t:Expires=1756299892:KeyName=prod_linear:Signature=kCUygtRfgaYeNvYwPi0nfI6TWpXThNj7fdF8xKmKmSDGtceKXmUaD5TJ8RlIx5KbfSkDkEMXShSg1-HRpd2NAQ",
        "user-agent": "Toffee Abu SAEEID X (Linux;Android 14) AndroidXMedia3/1.1.1/64103898/4d2ec9b8c7534adc",
        "client-api-header": "null",
        "accept-encoding": "gzip"
      },
      "logo": "https://assets-prod.services.toffeelive.com/f_png,w_300,q_85/Ai51-JQBv9knK3AH_jWs/posters/663e52a6-1a9f-4458-b4aa-7c03d84972f1.webp"
    },
    {
      "category_name": "Family",
      "name": "Sony BBC Earth HD",
      "link": "https://bldcmprod-cdn.toffeelive.com/cdn/live/sonybbc_earth_hd/playlist.m3u8",
      "headers": {
        "Host": "bldcmprod-cdn.toffeelive.com",
        "cookie": "Edge-Cache-Cookie=URLPrefix=aHR0cHM6Ly9ibGRjbXByb2QtY2RuLnRvZmZlZWxpdmUuY29t:Expires=1756299896:KeyName=prod_linear:Signature=lBogxA4gyD82T6ZNfOC0WNvV8QalaOSsMUOzKJ10V5EF3c8NVXv5vMBohMiAOsvAdrK_8yvJk-zfb8I-FoEECw",
        "user-agent": "Toffee Abu SAEEID X (Linux;Android 14) AndroidXMedia3/1.1.1/64103898/4d2ec9b8c7534adc",
        "client-api-header": "null",
        "accept-encoding": "gzip"
      },
      "logo": "https://assets-prod.services.toffeelive.com/f_png,w_300,q_85/MC6C-JQBv9knK3AHUzUT/posters/a8c32fd3-2ba7-437c-85ac-de2f1b2fa6ca.webp"
    },
    {
      "category_name": "Family",
      "name": "Sony SAB HD",
      "link": "https://bldcmprod-cdn.toffeelive.com/cdn/live/sonysab_hd/playlist.m3u8",
      "headers": {
        "Host": "bldcmprod-cdn.toffeelive.com",
        "cookie": "Edge-Cache-Cookie=URLPrefix=aHR0cHM6Ly9ibGRjbXByb2QtY2RuLnRvZmZlZWxpdmUuY29t:Expires=1756299900:KeyName=prod_linear:Signature=buGsfNeWVZGxqZYOaJ1WVjbquEtDRfxF5O8pAVq66EN2hf3zPEQ9EAPUNOKv1DtI6LXXUkG87L-RdUa_PyHVBA",
        "user-agent": "Toffee Abu SAEEID X (Linux;Android 14) AndroidXMedia3/1.1.1/64103898/4d2ec9b8c7534adc",
        "client-api-header": "null",
        "accept-encoding": "gzip"
      },
      "logo": "https://assets-prod.services.toffeelive.com/f_png,w_300,q_85/ES55-JQBv9knK3AHNDWC/posters/13411be9-62b9-4a99-a062-b6e91dfb1099.webp"
    },
    {
      "category_name": "Drama",
      "name": "Toffee Dramas",
      "link": "https://bldcmprod-cdn.toffeelive.com/cdn/live/toffee_drama/playlist.m3u8",
      "headers": {
        "Host": "bldcmprod-cdn.toffeelive.com",
        "cookie": "Edge-Cache-Cookie=URLPrefix=aHR0cHM6Ly9ibGRjbXByb2QtY2RuLnRvZmZlZWxpdmUuY29t:Expires=1756299902:KeyName=prod_linear:Signature=WRXME94cmW65cda42LbvFdgwhiOxuIeUQDaGRG0BGa83SwGBRaFZ3-49KCZnQbfPFaVLZ-I1z-JOiFxiPeFPAQ",
        "user-agent": "Toffee Abu SAEEID X (Linux;Android 14) AndroidXMedia3/1.1.1/64103898/4d2ec9b8c7534adc",
        "client-api-header": "null",
        "accept-encoding": "gzip"
      },
      "logo": "https://assets-prod.services.toffeelive.com/f_png,w_300,q_85/DNMXs5UBm1RY_In7IJ72/posters/25b0cac5-f1e9-4541-a9cd-ab667f27c7b1.png"
    },
    {
      "category_name": "Movies",
      "name": "Toffee Movies",
      "link": "https://bldcmprod-cdn.toffeelive.com/cdn/live/toffee_movie/playlist.m3u8",
      "headers": {
        "Host": "bldcmprod-cdn.toffeelive.com",
        "cookie": "Edge-Cache-Cookie=URLPrefix=aHR0cHM6Ly9ibGRjbXByb2QtY2RuLnRvZmZlZWxpdmUuY29t:Expires=1756299906:KeyName=prod_linear:Signature=2pbbHlKe5BQfew_PN7m6EI-1mGUtixILTklxoKegejLPicvRQu5-TiaCSILKrDsISruyHQCLh178SEDWTfgRAQ",
        "user-agent": "Toffee Abu SAEEID X (Linux;Android 14) AndroidXMedia3/1.1.1/64103898/4d2ec9b8c7534adc",
        "client-api-header": "null",
        "accept-encoding": "gzip"
      },
      "logo": "https://assets-prod.services.toffeelive.com/f_png,w_300,q_85/b60Ss5UBrjBfS2_RJPb8/posters/278fd2ab-3320-440c-9e8d-d702cea3dfa8.png"
    },
    {
      "category_name": "Sports",
      "name": "Sony Ten Cricket",
      "link": "https://bldcmprod-cdn.toffeelive.com/cdn/live/ten_cricket/playlist.m3u8",
      "headers": {
        "Host": "bldcmprod-cdn.toffeelive.com",
        "cookie": "Edge-Cache-Cookie=URLPrefix=aHR0cHM6Ly9ibGRjbXByb2QtY2RuLnRvZmZlZWxpdmUuY29t:Expires=1756299908:KeyName=prod_linear:Signature=AObz4r_vjv817T_pp7hJf3d_VvZAQxMARUwCWWHd_xq6Y2facSKjI82yOm5jb3wcyEEcDSjTSVTgwRsx_HCeDQ",
        "user-agent": "Toffee Abu SAEEID X (Linux;Android 14) AndroidXMedia3/1.1.1/64103898/4d2ec9b8c7534adc",
        "client-api-header": "null",
        "accept-encoding": "gzip"
      },
      "logo": "https://assets-prod.services.toffeelive.com/f_png,w_300,q_85/ra2x_pQBrjBfS2_RWG9l/posters/795170c2-ec78-457e-9fa0-54a23d23361c.webp"
    },
    {
      "category_name": "Movies",
      "name": "Zee Action",
      "link": "https://bldcmprod-cdn.toffeelive.com/cdn/live/zee_action/playlist.m3u8",
      "headers": {
        "Host": "bldcmprod-cdn.toffeelive.com",
        "cookie": "Edge-Cache-Cookie=URLPrefix=aHR0cHM6Ly9ibGRjbXByb2QtY2RuLnRvZmZlZWxpdmUuY29t:Expires=1756299910:KeyName=prod_linear:Signature=Zr1651v33pHcsXnQCQudD7ODX0-eC8xQE8zrre6LprugYmP7KQv77VL9jP1xt9jY9qPX3M4mvQmsr1Kn5viZCw",
        "user-agent": "Toffee Abu SAEEID X (Linux;Android 14) AndroidXMedia3/1.1.1/64103898/4d2ec9b8c7534adc",
        "client-api-header": "null",
        "accept-encoding": "gzip"
      },
      "logo": "https://assets-prod.services.toffeelive.com/f_png,w_300,q_85/Pc3RD5YBtpl-Sbt7doxr/posters/d0f337ab-a7e6-4eed-bc7b-7d51fdc70a0f.png"
    },
    {
      "category_name": "Drama",
      "name": "Zee Anmol",
      "link": "https://bldcmprod-cdn.toffeelive.com/cdn/live/zee_anmol/playlist.m3u8",
      "headers": {
        "Host": "bldcmprod-cdn.toffeelive.com",
        "cookie": "Edge-Cache-Cookie=URLPrefix=aHR0cHM6Ly9ibGRjbXByb2QtY2RuLnRvZmZlZWxpdmUuY29t:Expires=1756299912:KeyName=prod_linear:Signature=n86L5nnRPthhzfuaI3vPxFSt9D_q9Y14qkpO5Ht7gJueAk_m3OEJXPAuatwPw0RaEgbjMPzkdxL9Fo280sJnAQ",
        "user-agent": "Toffee Abu SAEEID X (Linux;Android 14) AndroidXMedia3/1.1.1/64103898/4d2ec9b8c7534adc",
        "client-api-header": "null",
        "accept-encoding": "gzip"
      },
      "logo": "https://assets-prod.services.toffeelive.com/f_png,w_300,q_85/7x0Jd5YBEef-9-uVv_Gy/posters/f630a176-73cc-48d7-94cf-69ba0d201b36.png"
    },
    {
      "category_name": "Movies",
      "name": "Zee Bangla Cinema",
      "link": "https://bldcmprod-cdn.toffeelive.com/cdn/live/zee_bangla_cinema/playlist.m3u8",
      "headers": {
        "Host": "bldcmprod-cdn.toffeelive.com",
        "cookie": "Edge-Cache-Cookie=URLPrefix=aHR0cHM6Ly9ibGRjbXByb2QtY2RuLnRvZmZlZWxpdmUuY29t:Expires=1756299915:KeyName=prod_linear:Signature=qyPtqlxiFPzCAUVmzW6di1PJqSjxHG3W94pci9GDrz-5t-mp5TMEvWjMOaQHA04B8X7s4hEXlW0bHYjfU1Z6BQ",
        "user-agent": "Toffee Abu SAEEID X (Linux;Android 14) AndroidXMedia3/1.1.1/64103898/4d2ec9b8c7534adc",
        "client-api-header": "null",
        "accept-encoding": "gzip"
      },
      "logo": "https://assets-prod.services.toffeelive.com/f_png,w_300,q_85/-C7MX5UBv9knK3AHdKOi/posters/1f43be2f-f8d9-4a0c-b0cb-971a18a6771c.png"
    },
    {
      "category_name": "Movies",
      "name": "Zee Cafe",
      "link": "https://bldcmprod-cdn.toffeelive.com/cdn/live/zee_cafe_hd/playlist.m3u8",
      "headers": {
        "Host": "bldcmprod-cdn.toffeelive.com",
        "cookie": "Edge-Cache-Cookie=URLPrefix=aHR0cHM6Ly9ibGRjbXByb2QtY2RuLnRvZmZlZWxpdmUuY29t:Expires=1756299917:KeyName=prod_linear:Signature=8JtGzt0ZUHLJkG-NNL0-H1kNCkOqz44rR0Felw8u_PDFfQ8O5d1w1X4Du2udVMTzk0ndQkuqd4ziXSQVVPPOBw",
        "user-agent": "Toffee Abu SAEEID X (Linux;Android 14) AndroidXMedia3/1.1.1/64103898/4d2ec9b8c7534adc",
        "client-api-header": "null",
        "accept-encoding": "gzip"
      },
      "logo": "https://assets-prod.services.toffeelive.com/f_png,w_300,q_85/U3QEd5YBcqxnFHJBpYzc/posters/3442d493-0c71-44b9-b12f-8e600d5eab91.png"
    },
    {
      "category_name": "Comedy",
      "name": "Zing",
      "link": "https://bldcmprod-cdn.toffeelive.com/cdn/live/zing_sd/playlist.m3u8",
      "headers": {
        "Host": "bldcmprod-cdn.toffeelive.com",
        "cookie": "Edge-Cache-Cookie=URLPrefix=aHR0cHM6Ly9ibGRjbXByb2QtY2RuLnRvZmZlZWxpdmUuY29t:Expires=1756299919:KeyName=prod_linear:Signature=yIub_ZXcJEk0UCOnjEPLjaDeP7PWb2KuqiIgvfJ3TZAG1Z9sYGy0o0Zpds0LYaXqXeXjyhIIEP2TOXJMDtN-DA",
        "user-agent": "Toffee Abu SAEEID X (Linux;Android 14) AndroidXMedia3/1.1.1/64103898/4d2ec9b8c7534adc",
        "client-api-header": "null",
        "accept-encoding": "gzip"
      },
      "logo": "https://assets-prod.services.toffeelive.com/f_png,w_300,q_85/DK8dd5YBrjBfS2_Ru22e/posters/a89a1e2e-677c-4a8a-9a66-dff5e0b921c8.png"
    },
    {
      "category_name": "Sports",
      "name": "ICC Test Championship Highlights",
      "link": "https://bldcmprod-cdn.toffeelive.com/cdn/live/icc_wtc_final/playlist.m3u8",
      "headers": {
        "Host": "bldcmprod-cdn.toffeelive.com",
        "cookie": "Edge-Cache-Cookie=URLPrefix=aHR0cHM6Ly9ibGRjbXByb2QtY2RuLnRvZmZlZWxpdmUuY29t:Expires=1756299921:KeyName=prod_linear:Signature=dza1EC1S0RjsKBRyzdaxzxxkL9-bbC7QxtnG4_KvD68QYJkNXnwOzZwGFGYF4hM-Em53MGabQJiE_KzOck6oCw",
        "user-agent": "Toffee Abu SAEEID X (Linux;Android 14) AndroidXMedia3/1.1.1/64103898/4d2ec9b8c7534adc",
        "client-api-header": "null",
        "accept-encoding": "gzip"
      },
      "logo": "https://assets-prod.services.toffeelive.com/f_png,w_300,q_85/PnZefJcBcqxnFHJBoxca/posters/14699162-6ec8-4a94-a572-2795c6ddd329.png"
    },
    {
      "category_name": "Movies",
      "name": "Zee Cinema HD",
      "link": "https://bldcmprod-cdn.toffeelive.com/cdn/live/zee_cinema_hd/playlist.m3u8",
      "headers": {
        "Host": "bldcmprod-cdn.toffeelive.com",
        "cookie": "Edge-Cache-Cookie=URLPrefix=aHR0cHM6Ly9ibGRjbXByb2QtY2RuLnRvZmZlZWxpdmUuY29t:Expires=1756299923:KeyName=prod_linear:Signature=H1OEsLgzhWdWiSlsFtX6JOe39kDtizzpn_-DQ4ROezhGcHApptABpzc8m7DuEi670EL2DQJxu4MCTyjYRiYSAw",
        "user-agent": "Toffee Abu SAEEID X (Linux;Android 14) AndroidXMedia3/1.1.1/64103898/4d2ec9b8c7534adc",
        "client-api-header": "null",
        "accept-encoding": "gzip"
      },
      "logo": "https://assets-prod.services.toffeelive.com/f_png,w_300,q_85/5y7HX5UBv9knK3AHs6Nk/posters/794fd415-1b0a-49b5-b91b-2f62ba6cd759.png"
    },
    {
      "category_name": "Movies",
      "name": "& Pictures HD",
      "link": "https://bldcmprod-cdn.toffeelive.com/cdn/live/andpicture_hd/playlist.m3u8",
      "headers": {
        "Host": "bldcmprod-cdn.toffeelive.com",
        "cookie": "Edge-Cache-Cookie=URLPrefix=aHR0cHM6Ly9ibGRjbXByb2QtY2RuLnRvZmZlZWxpdmUuY29t:Expires=1756299924:KeyName=prod_linear:Signature=j5EuvLuQieO50dZUWxTGys8nrot8HgJ6RdxCk97oEdFFAHYGA3kcjz0CLh87-SvHMcWp5KBblx7yAJR2K7EbDw",
        "user-agent": "Toffee Abu SAEEID X (Linux;Android 14) AndroidXMedia3/1.1.1/64103898/4d2ec9b8c7534adc",
        "client-api-header": "null",
        "accept-encoding": "gzip"
      },
      "logo": "https://assets-prod.services.toffeelive.com/f_png,w_300,q_85/QMwWnZUBtpl-Sbt7S2sx/posters/f2e6acfd-0031-4ca4-b954-c014a0c99058.png"
    },
    {
      "category_name": "Movies",
      "name": "Sony MAX",
      "link": "https://bldcmprod-cdn.toffeelive.com/cdn/live/sony_max/playlist.m3u8",
      "headers": {
        "Host": "bldcmprod-cdn.toffeelive.com",
        "cookie": "Edge-Cache-Cookie=URLPrefix=aHR0cHM6Ly9ibGRjbXByb2QtY2RuLnRvZmZlZWxpdmUuY29t:Expires=1756299930:KeyName=prod_linear:Signature=qY53qcsVuf0eOMK_5gwlO5u97om8-qg1clC9amBJo3rmQO8uKdsceL3ougRW5utQW43APMKAos7sxEjXDk9YBg",
        "user-agent": "Toffee Abu SAEEID X (Linux;Android 14) AndroidXMedia3/1.1.1/64103898/4d2ec9b8c7534adc",
        "client-api-header": "null",
        "accept-encoding": "gzip"
      },
      "logo": "https://assets-prod.services.toffeelive.com/f_png,w_300,q_85/Ay52-JQBv9knK3AHFDWt/posters/00afb30b-3c19-4c4c-abd8-891db94e4767.webp"
    },
    {
      "category_name": "Movies",
      "name": "Zee Bollywood",
      "link": "https://bldcmprod-cdn.toffeelive.com/cdn/live/zee_bollywood/playlist.m3u8",
      "headers": {
        "Host": "bldcmprod-cdn.toffeelive.com",
        "cookie": "Edge-Cache-Cookie=URLPrefix=aHR0cHM6Ly9ibGRjbXByb2QtY2RuLnRvZmZlZWxpdmUuY29t:Expires=1756299934:KeyName=prod_linear:Signature=7PElJkmzwuKOs0CtmnnNeoox3EEe_v1Br5FKks3neoumCIjmO8NLVQZ1cfIuJlWDR99j_l1ttI23T7WJxNT0Aw",
        "user-agent": "Toffee Abu SAEEID X (Linux;Android 14) AndroidXMedia3/1.1.1/64103898/4d2ec9b8c7534adc",
        "client-api-header": "null",
        "accept-encoding": "gzip"
      },
      "logo": "https://assets-prod.services.toffeelive.com/f_png,w_300,q_85/OnSlPJYBcqxnFHJB6lFX/posters/4818f95a-c64a-490f-b310-a49aec026d71.png"
    },
    {
      "category_name": "Drama",
      "name": "&TV HD",
      "link": "https://bldcmprod-cdn.toffeelive.com/cdn/live/and_tv_hd/playlist.m3u8",
      "headers": {
        "Host": "bldcmprod-cdn.toffeelive.com",
        "cookie": "Edge-Cache-Cookie=URLPrefix=aHR0cHM6Ly9ibGRjbXByb2QtY2RuLnRvZmZlZWxpdmUuY29t:Expires=1756299936:KeyName=prod_linear:Signature=4Lcij5X2knMRtjazqKN-hyS2bK5A_K-rh35jhS34M-0SuvZHjYc5rWhvfCT8D4V0RQBpG0wDJl20z5RWQGl1Cw",
        "user-agent": "Toffee Abu SAEEID X (Linux;Android 14) AndroidXMedia3/1.1.1/64103898/4d2ec9b8c7534adc",
        "client-api-header": "null",
        "accept-encoding": "gzip"
      },
      "logo": "https://assets-prod.services.toffeelive.com/f_png,w_300,q_85/5cwRnZUBtpl-Sbt7wWrN/posters/28335dab-169c-49b6-8d10-ef697f940307.png"
    },
    {
      "category_name": "Family",
      "name": "Sony Entertainment Television",
      "link": "https://bldcmprod-cdn.toffeelive.com/cdn/live/sony_entertainment/playlist.m3u8",
      "headers": {
        "Host": "bldcmprod-cdn.toffeelive.com",
        "cookie": "Edge-Cache-Cookie=URLPrefix=aHR0cHM6Ly9ibGRjbXByb2QtY2RuLnRvZmZlZWxpdmUuY29t:Expires=1756299939:KeyName=prod_linear:Signature=SijiNdP75GPxmO1OqP_djzhD_wpBANBsUe2eh2KNJ4aHXO8w7q8uq599Ns39BJnURnFuUjdCMfT0aKXrZ7EaBg",
        "user-agent": "Toffee Abu SAEEID X (Linux;Android 14) AndroidXMedia3/1.1.1/64103898/4d2ec9b8c7534adc",
        "client-api-header": "null",
        "accept-encoding": "gzip"
      },
      "logo": "https://assets-prod.services.toffeelive.com/f_png,w_300,q_85/2S5t-JQBv9knK3AHJTTW/posters/ae74f943-77c9-4395-a16c-8ed84b439080.webp"
    },
    {
      "category_name": "Sports",
      "name": "Sony Ten Sports 1 HD",
      "link": "https://bldcmprod-cdn.toffeelive.com/cdn/live/sony_sports_1_hd/playlist.m3u8",
      "headers": {
        "Host": "bldcmprod-cdn.toffeelive.com",
        "cookie": "Edge-Cache-Cookie=URLPrefix=aHR0cHM6Ly9ibGRjbXByb2QtY2RuLnRvZmZlZWxpdmUuY29t:Expires=1756299941:KeyName=prod_linear:Signature=jnbXSsritJsFB-8uSUfR3PczlfbmHRBZ_pdX1Vbl4nppmQQ0aJbTJvE_O7bkPWRsPAlm13fQBmTkAPgquhWXAw",
        "user-agent": "Toffee Abu SAEEID X (Linux;Android 14) AndroidXMedia3/1.1.1/64103898/4d2ec9b8c7534adc",
        "client-api-header": "null",
        "accept-encoding": "gzip"
      },
      "logo": "https://assets-prod.services.toffeelive.com/f_png,w_300,q_85/py5j-JQBv9knK3AHxDTY/posters/ea3358b9-2bec-4615-a889-daa2e396c74c.webp"
    },
    {
      "category_name": "Drama",
      "name": "Sony Aath",
      "link": "https://bldcmprod-cdn.toffeelive.com/cdn/live/sonyaath/playlist.m3u8",
      "headers": {
        "Host": "bldcmprod-cdn.toffeelive.com",
        "cookie": "Edge-Cache-Cookie=URLPrefix=aHR0cHM6Ly9ibGRjbXByb2QtY2RuLnRvZmZlZWxpdmUuY29t:Expires=1756299944:KeyName=prod_linear:Signature=aGH0HWjNkWEtU1ZtjJSlIbWwuEmQTdwZXUCMHYwZjRnqRV-BNEkm4nGogRMQUGdvhe39vT4LpZUTbQuqUVRLAw",
        "user-agent": "Toffee Abu SAEEID X (Linux;Android 14) AndroidXMedia3/1.1.1/64103898/4d2ec9b8c7534adc",
        "client-api-header": "null",
        "accept-encoding": "gzip"
      },
      "logo": "https://assets-prod.services.toffeelive.com/f_png,w_300,q_85/xi6xX5UBv9knK3AH9aMk/posters/f4db1c12-b10f-46e8-a09b-e0efb8820970.png"
    },
    {
      "category_name": "Sports",
      "name": "Sony Ten Sports 2 HD",
      "link": "https://bldcmprod-cdn.toffeelive.com/cdn/live/sony_sports_2_hd/playlist.m3u8",
      "headers": {
        "Host": "bldcmprod-cdn.toffeelive.com",
        "cookie": "Edge-Cache-Cookie=URLPrefix=aHR0cHM6Ly9ibGRjbXByb2QtY2RuLnRvZmZlZWxpdmUuY29t:Expires=1756299947:KeyName=prod_linear:Signature=YilF1cWUfAy9akjU2QNPh9BK3tR-K2fJE1S1266770E4zRmSovNFmb3J2tqx8rKTGX831QoRnAmvrYPZX7yPDw",
        "user-agent": "Toffee Abu SAEEID X (Linux;Android 14) AndroidXMedia3/1.1.1/64103898/4d2ec9b8c7534adc",
        "client-api-header": "null",
        "accept-encoding": "gzip"
      },
      "logo": "https://assets-prod.services.toffeelive.com/f_png,w_300,q_85/sy5m-JQBv9knK3AHYTTk/posters/a664bf2a-af9c-4e79-89df-50a40a6e3e66.png"
    },
    {
      "category_name": "Sports",
      "name": "Sony Ten Sports 5 HD ",
      "link": "https://bldcmprod-cdn.toffeelive.com/cdn/live/sony_sports_5_hd/playlist.m3u8",
      "headers": {
        "Host": "bldcmprod-cdn.toffeelive.com",
        "cookie": "Edge-Cache-Cookie=URLPrefix=aHR0cHM6Ly9ibGRjbXByb2QtY2RuLnRvZmZlZWxpdmUuY29t:Expires=1756299948:KeyName=prod_linear:Signature=jg7J4djlnuXRySGVMqB6Rh25RLVpQOUgHQMAKBWhVAjQO5DSRrF3DWTzSSVECnX6mfEjI2ggZVhksHDKuuvhCg",
        "user-agent": "Toffee Abu SAEEID X (Linux;Android 14) AndroidXMedia3/1.1.1/64103898/4d2ec9b8c7534adc",
        "client-api-header": "null",
        "accept-encoding": "gzip"
      },
      "logo": "https://assets-prod.services.toffeelive.com/f_png,w_300,q_85/vi5n-JQBv9knK3AHqzTC/posters/241705c1-06a9-4694-92c6-0013d1879e42.webp"
    },
    {
      "category_name": "Family",
      "name": "Sony YAY",
      "link": "https://bldcmprod-cdn.toffeelive.com/cdn/live/sonyyay/playlist.m3u8",
      "headers": {
        "Host": "bldcmprod-cdn.toffeelive.com",
        "cookie": "Edge-Cache-Cookie=URLPrefix=aHR0cHM6Ly9ibGRjbXByb2QtY2RuLnRvZmZlZWxpdmUuY29t:Expires=1756299954:KeyName=prod_linear:Signature=ZOwjLkwkL-dvO90C4YZRSF3Wfz9HagLseD3gZQyKTZsbVT6uTiZkkaJL2dAYOBZ_RKMO8xjXYvQkDlajZhKzDQ",
        "user-agent": "Toffee Abu SAEEID X (Linux;Android 14) AndroidXMedia3/1.1.1/64103898/4d2ec9b8c7534adc",
        "client-api-header": "null",
        "accept-encoding": "gzip"
      },
      "logo": "https://assets-prod.services.toffeelive.com/f_png,w_300,q_85/IC5_-JQBv9knK3AHFDXh/posters/36df4012-80f2-4a98-9970-3b663f62093f.webp"
    },
    {
      "category_name": "Sports",
      "name": "EPL channel 4",
      "link": "https://mprod-cdn.toffeelive.com/live/match-4/index.m3u8",
      "headers": {
        "Host": "mprod-cdn.toffeelive.com",
        "cookie": "Edge-Cache-Cookie=URLPrefix=aHR0cHM6Ly9tcHJvZC1jZG4udG9mZmVlbGl2ZS5jb20:Expires=1756177560:KeyName=prod_live_events:Signature=97XtUQM2fcUUry45_ykTZG7A7I4T9dm3hSCp_Kl6dBbDGiwwNB1Yq_T9UnMVDO0dIEICNU5gxvMI7rWRWWtgBw",
        "user-agent": "Toffee Abu SAEEID X (Linux;Android 14) AndroidXMedia3/1.1.1/64103898/4d2ec9b8c7534adc",
        "client-api-header": "null",
        "accept-encoding": "gzip"
      },
      "logo": "https://assets-prod.services.toffeelive.com/f_png,w_300,q_85/"
    },
    {
      "category_name": "Drama",
      "name": "Zee Bangla",
      "link": "https://bldcmprod-cdn.toffeelive.com/cdn/live/zee_bangla/playlist.m3u8",
      "headers": {
        "Host": "bldcmprod-cdn.toffeelive.com",
        "cookie": "Edge-Cache-Cookie=URLPrefix=aHR0cHM6Ly9ibGRjbXByb2QtY2RuLnRvZmZlZWxpdmUuY29t:Expires=1756299966:KeyName=prod_linear:Signature=f5VRS43EGfIxVwrT64ThsvPg0BcEblFXg_QgfFmVgZDwQY5omMd9qa3LcyPRwqhK3_DKv8uGvxCMpYP9jTZqAg",
        "user-agent": "Toffee Abu SAEEID X (Linux;Android 14) AndroidXMedia3/1.1.1/64103898/4d2ec9b8c7534adc",
        "client-api-header": "null",
        "accept-encoding": "gzip"
      },
      "logo": "https://assets-prod.services.toffeelive.com/f_png,w_300,q_85/kK2aX5UBrjBfS2_RBcKf/posters/16e111ed-2335-4391-9618-f840e4c4a6a2.png"
    },
    {
      "category_name": "Drama",
      "name": "Zee TV HD",
      "link": "https://bldcmprod-cdn.toffeelive.com/cdn/live/zee_tv_hd/playlist.m3u8",
      "headers": {
        "Host": "bldcmprod-cdn.toffeelive.com",
        "cookie": "Edge-Cache-Cookie=URLPrefix=aHR0cHM6Ly9ibGRjbXByb2QtY2RuLnRvZmZlZWxpdmUuY29t:Expires=1756299970:KeyName=prod_linear:Signature=UXXj2uI0nNY9KYuL-pMrkvnpkO7rlxvRs6vGqZsZs9l61tn6iR5A2zY5xCBzfLx9OEb8oVcs7J5wRtzldk0xBQ",
        "user-agent": "Toffee Abu SAEEID X (Linux;Android 14) AndroidXMedia3/1.1.1/64103898/4d2ec9b8c7534adc",
        "client-api-header": "null",
        "accept-encoding": "gzip"
      },
      "logo": "https://assets-prod.services.toffeelive.com/f_png,w_300,q_85/ltPQX5UBm1RY_In7b3F1/posters/f81d0cc9-c00e-4839-951a-b754e0e6c58f.png"
    },
    {
      "category_name": "Family",
      "name": "Sony Entertainment Television HD",
      "link": "https://bldcmprod-cdn.toffeelive.com/cdn/live/sonyentertainmnt_hd/playlist.m3u8",
      "headers": {
        "Host": "bldcmprod-cdn.toffeelive.com",
        "cookie": "Edge-Cache-Cookie=URLPrefix=aHR0cHM6Ly9ibGRjbXByb2QtY2RuLnRvZmZlZWxpdmUuY29t:Expires=1756299975:KeyName=prod_linear:Signature=EURSIntBh_IWkssDe_49P6ABKugc4eEAJ8gy-p86IjB2tssGhkn1cKQeRdU6xZ5umfC-oj4dhkg_siqXQu38Cg",
        "user-agent": "Toffee Abu SAEEID X (Linux;Android 14) AndroidXMedia3/1.1.1/64103898/4d2ec9b8c7534adc",
        "client-api-header": "null",
        "accept-encoding": "gzip"
      },
      "logo": "https://assets-prod.services.toffeelive.com/f_png,w_300,q_85/-y50-JQBv9knK3AHLzSn/posters/0ab48ac0-ec84-4ca2-9601-746ff3cb809e.webp"
    },
    {
      "category_name": "Sports",
      "name": "Sony Ten Sports 2 HD ",
      "link": "https://bldcmprod-cdn.toffeelive.com/cdn/live/sony_sports_2_hd/playlist.m3u8",
      "headers": {
        "Host": "bldcmprod-cdn.toffeelive.com",
        "cookie": "Edge-Cache-Cookie=URLPrefix=aHR0cHM6Ly9ibGRjbXByb2QtY2RuLnRvZmZlZWxpdmUuY29t:Expires=1756299874:KeyName=prod_linear:Signature=c5-oOjm8dddSXIR1g8O_zvWfnLoiKGE-vkvzKyb8y2P_oGg0iEF1v2ibloafPm5fYqAnnXYVMW-PhsgHsxdGDA",
        "user-agent": "Toffee Abu SAEEID X (Linux;Android 14) AndroidXMedia3/1.1.1/64103898/4d2ec9b8c7534adc",
        "client-api-header": "null",
        "accept-encoding": "gzip"
      },
      "logo": "https://assets-prod.services.toffeelive.com/f_webp,w_240,q_100/sy5m-JQBv9knK3AHYTTk/posters/4f34d282-9801-4308-9053-132a805fed25.png"
    },
    {
      "category_name": "Sports",
      "name": "Eurosport HD",
      "link": "https://bldcmprod-cdn.toffeelive.com/cdn/live/euro_sports_hd/playlist.m3u8",
      "headers": {
        "Host": "bldcmprod-cdn.toffeelive.com",
        "cookie": "Edge-Cache-Cookie=URLPrefix=aHR0cHM6Ly9ibGRjbXByb2QtY2RuLnRvZmZlZWxpdmUuY29t:Expires=1756299874:KeyName=prod_linear:Signature=c5-oOjm8dddSXIR1g8O_zvWfnLoiKGE-vkvzKyb8y2P_oGg0iEF1v2ibloafPm5fYqAnnXYVMW-PhsgHsxdGDA",
        "user-agent": "Toffee Abu SAEEID X (Linux;Android 14) AndroidXMedia3/1.1.1/64103898/4d2ec9b8c7534adc",
        "client-api-header": "null",
        "accept-encoding": "gzip"
      },
      "logo": "https://assets-prod.services.toffeelive.com/f_webp,w_240,q_100/Uy6Q-JQBv9knK3AHcDUQ/posters/01709bcd-6d53-4710-a64f-bc49cecf1d61.webp"
    },
    {
      "category_name": "Sports",
      "name": "Toffee sports",
      "link": "https://bldcmprod-cdn.toffeelive.com/cdn/live/sports_highlights/playlist.m3u8",
      "headers": {
        "Host": "bldcmprod-cdn.toffeelive.com",
        "cookie": "Edge-Cache-Cookie=URLPrefix=aHR0cHM6Ly9ibGRjbXByb2QtY2RuLnRvZmZlZWxpdmUuY29t:Expires=1756299874:KeyName=prod_linear:Signature=c5-oOjm8dddSXIR1g8O_zvWfnLoiKGE-vkvzKyb8y2P_oGg0iEF1v2ibloafPm5fYqAnnXYVMW-PhsgHsxdGDA",
        "user-agent": "Toffee Abu SAEEID X (Linux;Android 14) AndroidXMedia3/1.1.1/64103898/4d2ec9b8c7534adc",
        "client-api-header": "null",
        "accept-encoding": "gzip"
      },
      "logo": "https://assets-prod.services.toffeelive.com/f_webp,w_240,q_100/d60Vs5UBrjBfS2_RV_YV/posters/3cc5bf1e-5a42-415c-8e0e-7a17a1bb64da.png"
    },
    {
      "category_name": "Sports",
      "name": "PSL Highlights",
      "link": "https://bldcmprod-cdn.toffeelive.com/cdn/live/psl_highlights/playlist.m3u8",
      "headers": {
        "Host": "bldcmprod-cdn.toffeelive.com",
        "cookie": "Edge-Cache-Cookie=URLPrefix=aHR0cHM6Ly9ibGRjbXByb2QtY2RuLnRvZmZlZWxpdmUuY29t:Expires=1756299874:KeyName=prod_linear:Signature=c5-oOjm8dddSXIR1g8O_zvWfnLoiKGE-vkvzKyb8y2P_oGg0iEF1v2ibloafPm5fYqAnnXYVMW-PhsgHsxdGDA",
        "user-agent": "Toffee Abu SAEEID X (Linux;Android 14) AndroidXMedia3/1.1.1/64103898/4d2ec9b8c7534adc",
        "client-api-header": "null",
        "accept-encoding": "gzip"
      },
      "logo": "https://assets-prod.services.toffeelive.com/f_webp,w_240,q_100/Ns04LZYBtpl-Sbt7yKqD/posters/fef0cade-0663-4fc7-afb3-7a0b7469d045.png"
    },
    {
      "category_name": "Movie",
      "name": "B4U Movies APAC",
      "link": "https://bldcmprod-cdn.toffeelive.com/cdn/live/b4u_movies/playlist.m3u8",
      "headers": {
        "Host": "bldcmprod-cdn.toffeelive.com",
        "cookie": "Edge-Cache-Cookie=URLPrefix=aHR0cHM6Ly9ibGRjbXByb2QtY2RuLnRvZmZlZWxpdmUuY29t:Expires=1756299874:KeyName=prod_linear:Signature=c5-oOjm8dddSXIR1g8O_zvWfnLoiKGE-vkvzKyb8y2P_oGg0iEF1v2ibloafPm5fYqAnnXYVMW-PhsgHsxdGDA",
        "user-agent": "Toffee Abu SAEEID X (Linux;Android 14) AndroidXMedia3/1.1.1/64103898/4d2ec9b8c7534adc",
        "client-api-header": "null",
        "accept-encoding": "gzip"
      },
      "logo": "https://assets-prod.services.toffeelive.com/f_webp,w_240,q_100/PC6F-JQBv9knK3AHlTUO/posters/fb0243ba-39a0-4101-a78c-c197be550c6c.webp"
    },
    {
      "category_name": "Entertainment",
      "name": "HUM",
      "link": "https://bldcmprod-cdn.toffeelive.com/cdn/live/hum_tv/playlist.m3u8",
      "headers": {
        "Host": "bldcmprod-cdn.toffeelive.com",
        "cookie": "Edge-Cache-Cookie=URLPrefix=aHR0cHM6Ly9ibGRjbXByb2QtY2RuLnRvZmZlZWxpdmUuY29t:Expires=1756299874:KeyName=prod_linear:Signature=c5-oOjm8dddSXIR1g8O_zvWfnLoiKGE-vkvzKyb8y2P_oGg0iEF1v2ibloafPm5fYqAnnXYVMW-PhsgHsxdGDA",
        "user-agent": "Toffee Abu SAEEID X (Linux;Android 14) AndroidXMedia3/1.1.1/64103898/4d2ec9b8c7534adc",
        "client-api-header": "null",
        "accept-encoding": "gzip"
      },
      "logo": "https://assets-prod.services.toffeelive.com/f_webp,w_240,q_100/0C63X5UBv9knK3AHxaOs/posters/6dce1143-1045-4fec-ac4f-86d2bfb32447.png"
    },
    {
      "category_name": "Entertainment",
      "name": "HUM Masala",
      "link": "https://bldcmprod-cdn.toffeelive.com/cdn/live/hum_masala/playlist.m3u8",
      "headers": {
        "Host": "bldcmprod-cdn.toffeelive.com",
        "cookie": "Edge-Cache-Cookie=URLPrefix=aHR0cHM6Ly9ibGRjbXByb2QtY2RuLnRvZmZlZWxpdmUuY29t:Expires=1756299874:KeyName=prod_linear:Signature=c5-oOjm8dddSXIR1g8O_zvWfnLoiKGE-vkvzKyb8y2P_oGg0iEF1v2ibloafPm5fYqAnnXYVMW-PhsgHsxdGDA",
        "user-agent": "Toffee Abu SAEEID X (Linux;Android 14) AndroidXMedia3/1.1.1/64103898/4d2ec9b8c7534adc",
        "client-api-header": "null",
        "accept-encoding": "gzip"
      },
      "logo": "https://assets-prod.services.toffeelive.com/f_webp,w_240,q_100/T9O9X5UBm1RY_In7UXFv/posters/30e0f372-eb3e-4cf9-be1e-b196a40c2fc7.png"
    },
    {
      "category_name": "Entertainment",
      "name": "HUM Sitaray",
      "link": "https://bldcmprod-cdn.toffeelive.com/cdn/live/hum_sitaray/playlist.m3u8",
      "headers": {
        "Host": "bldcmprod-cdn.toffeelive.com",
        "cookie": "Edge-Cache-Cookie=URLPrefix=aHR0cHM6Ly9ibGRjbXByb2QtY2RuLnRvZmZlZWxpdmUuY29t:Expires=1756299874:KeyName=prod_linear:Signature=c5-oOjm8dddSXIR1g8O_zvWfnLoiKGE-vkvzKyb8y2P_oGg0iEF1v2ibloafPm5fYqAnnXYVMW-PhsgHsxdGDA",
        "user-agent": "Toffee Abu SAEEID X (Linux;Android 14) AndroidXMedia3/1.1.1/64103898/4d2ec9b8c7534adc",
        "client-api-header": "null",
        "accept-encoding": "gzip"
      },
      "logo": "https://assets-prod.services.toffeelive.com/f_webp,w_240,q_100/WtPBX5UBm1RY_In7mXEU/posters/188d51f6-aeef-41ed-835b-e25ff911e209.png"
    },
    {
      "category_name": "Entertainment",
      "name": "B4U Music",
      "link": "https://bldcmprod-cdn.toffeelive.com/cdn/live/b4u_music/playlist.m3u8",
      "headers": {
        "Host": "bldcmprod-cdn.toffeelive.com",
        "cookie": "Edge-Cache-Cookie=URLPrefix=aHR0cHM6Ly9ibGRjbXByb2QtY2RuLnRvZmZlZWxpdmUuY29t:Expires=1756299874:KeyName=prod_linear:Signature=c5-oOjm8dddSXIR1g8O_zvWfnLoiKGE-vkvzKyb8y2P_oGg0iEF1v2ibloafPm5fYqAnnXYVMW-PhsgHsxdGDA",
        "user-agent": "Toffee Abu SAEEID X (Linux;Android 14) AndroidXMedia3/1.1.1/64103898/4d2ec9b8c7534adc",
        "client-api-header": "null",
        "accept-encoding": "gzip"
      },
      "logo": "https://assets-prod.services.toffeelive.com/f_webp,w_240,q_100/PS6F-JQBv9knK3AHqjVz/posters/0f83ee72-be0f-4861-94df-30b158d3df8d.webp"
    },
    {
      "category_name": "Infotainment",
      "name": "TLC HD",
      "link": "https://bldcmprod-cdn.toffeelive.com/cdn/live/tlc_hd/playlist.m3u8",
      "headers": {
        "Host": "bldcmprod-cdn.toffeelive.com",
        "cookie": "Edge-Cache-Cookie=URLPrefix=aHR0cHM6Ly9ibGRjbXByb2QtY2RuLnRvZmZlZWxpdmUuY29t:Expires=1756299874:KeyName=prod_linear:Signature=c5-oOjm8dddSXIR1g8O_zvWfnLoiKGE-vkvzKyb8y2P_oGg0iEF1v2ibloafPm5fYqAnnXYVMW-PhsgHsxdGDA",
        "user-agent": "Toffee Abu SAEEID X (Linux;Android 14) AndroidXMedia3/1.1.1/64103898/4d2ec9b8c7534adc",
        "client-api-header": "null",
        "accept-encoding": "gzip"
      },
      "logo": "https://assets-prod.services.toffeelive.com/f_webp,w_240,q_100/7S6j-JQBv9knK3AHbzXC/posters/0973097c-bc5c-4b28-aaca-f04d6f6cb5e2.webp"
    },
    {
      "category_name": "Infotainment",
      "name": "TLC",
      "link": "https://bldcmprod-cdn.toffeelive.com/cdn/live/tlc_sd/playlist.m3u8",
      "headers": {
        "Host": "bldcmprod-cdn.toffeelive.com",
        "cookie": "Edge-Cache-Cookie=URLPrefix=aHR0cHM6Ly9ibGRjbXByb2QtY2RuLnRvZmZlZWxpdmUuY29t:Expires=1756299874:KeyName=prod_linear:Signature=c5-oOjm8dddSXIR1g8O_zvWfnLoiKGE-vkvzKyb8y2P_oGg0iEF1v2ibloafPm5fYqAnnXYVMW-PhsgHsxdGDA",
        "user-agent": "Toffee Abu SAEEID X (Linux;Android 14) AndroidXMedia3/1.1.1/64103898/4d2ec9b8c7534adc",
        "client-api-header": "null",
        "accept-encoding": "gzip"
      },
      "logo": "https://assets-prod.services.toffeelive.com/f_webp,w_240,q_100/7C6j-JQBv9knK3AHVzUA/posters/e8f84105-5efe-4e91-a0d4-18a0849cf2f2.webp"
    },
    {
      "category_name": "Infotainment",
      "name": "Animal Planet",
      "link": "https://bldcmprod-cdn.toffeelive.com/cdn/live/animal_planet_sd/playlist.m3u8",
      "headers": {
        "Host": "bldcmprod-cdn.toffeelive.com",
        "cookie": "Edge-Cache-Cookie=URLPrefix=aHR0cHM6Ly9ibGRjbXByb2QtY2RuLnRvZmZlZWxpdmUuY29t:Expires=1756299874:KeyName=prod_linear:Signature=c5-oOjm8dddSXIR1g8O_zvWfnLoiKGE-vkvzKyb8y2P_oGg0iEF1v2ibloafPm5fYqAnnXYVMW-PhsgHsxdGDA",
        "user-agent": "Toffee Abu SAEEID X (Linux;Android 14) AndroidXMedia3/1.1.1/64103898/4d2ec9b8c7534adc",
        "client-api-header": "null",
        "accept-encoding": "gzip"
      },
      "logo": "https://assets-prod.services.toffeelive.com/f_webp,w_240,q_100/Ny61-JQBv9knK3AHgzZ7/posters/0909b36a-afd5-426a-93b3-4512800977db.webp"
    },
    {
      "category_name": "Infotainment",
      "name": "Animal Planet HD",
      "link": "https://bldcmprod-cdn.toffeelive.com/cdn/live/animal_planet_hd/playlist.m3u8",
      "headers": {
        "Host": "bldcmprod-cdn.toffeelive.com",
        "cookie": "Edge-Cache-Cookie=URLPrefix=aHR0cHM6Ly9ibGRjbXByb2QtY2RuLnRvZmZlZWxpdmUuY29t:Expires=1756299874:KeyName=prod_linear:Signature=c5-oOjm8dddSXIR1g8O_zvWfnLoiKGE-vkvzKyb8y2P_oGg0iEF1v2ibloafPm5fYqAnnXYVMW-PhsgHsxdGDA",
        "user-agent": "Toffee Abu SAEEID X (Linux;Android 14) AndroidXMedia3/1.1.1/64103898/4d2ec9b8c7534adc",
        "client-api-header": "null",
        "accept-encoding": "gzip"
      },
      "logo": "https://assets-prod.services.toffeelive.com/f_webp,w_240,q_100/Ni61-JQBv9knK3AHcDYc/posters/c16e8633-6b2a-401a-9cd6-ac26a4fcdedb.webp"
    },
    {
      "category_name": "Infotainment",
      "name": "Discovery",
      "link": "https://bldcmprod-cdn.toffeelive.com/cdn/live/discovery_sd/playlist.m3u8",
      "headers": {
        "Host": "bldcmprod-cdn.toffeelive.com",
        "cookie": "Edge-Cache-Cookie=URLPrefix=aHR0cHM6Ly9ibGRjbXByb2QtY2RuLnRvZmZlZWxpdmUuY29t:Expires=1756299874:KeyName=prod_linear:Signature=c5-oOjm8dddSXIR1g8O_zvWfnLoiKGE-vkvzKyb8y2P_oGg0iEF1v2ibloafPm5fYqAnnXYVMW-PhsgHsxdGDA",
        "user-agent": "Toffee Abu SAEEID X (Linux;Android 14) AndroidXMedia3/1.1.1/64103898/4d2ec9b8c7534adc",
        "client-api-header": "null",
        "accept-encoding": "gzip"
      },
      "logo": "https://assets-prod.services.toffeelive.com/f_webp,w_240,q_100/KS6x-JQBv9knK3AHwDZy/posters/6594d216-aaca-4eee-b6f5-bbc6b80feb15.webp"
    },
    {
      "category_name": "Infotainment",
      "name": "Discovery HD",
      "link": "https://bldcmprod-cdn.toffeelive.com/cdn/live/discovery_hd/playlist.m3u8",
      "headers": {
        "Host": "bldcmprod-cdn.toffeelive.com",
        "cookie": "Edge-Cache-Cookie=URLPrefix=aHR0cHM6Ly9ibGRjbXByb2QtY2RuLnRvZmZlZWxpdmUuY29t:Expires=1756299874:KeyName=prod_linear:Signature=c5-oOjm8dddSXIR1g8O_zvWfnLoiKGE-vkvzKyb8y2P_oGg0iEF1v2ibloafPm5fYqAnnXYVMW-PhsgHsxdGDA",
        "user-agent": "Toffee Abu SAEEID X (Linux;Android 14) AndroidXMedia3/1.1.1/64103898/4d2ec9b8c7534adc",
        "client-api-header": "null",
        "accept-encoding": "gzip"
      },
      "logo": "https://assets-prod.services.toffeelive.com/f_webp,w_240,q_100/KC6x-JQBv9knK3AHqjYc/posters/55e554f1-dbbb-47bd-97fe-fca878726c4c.webp"
    },
    {
      "category_name": "Infotainment",
      "name": "CNN",
      "link": "https://bldcmprod-cdn.toffeelive.com/cdn/live/cnn/playlist.m3u8",
      "headers": {
        "Host": "bldcmprod-cdn.toffeelive.com",
        "cookie": "Edge-Cache-Cookie=URLPrefix=aHR0cHM6Ly9ibGRjbXByb2QtY2RuLnRvZmZlZWxpdmUuY29t:Expires=1756299874:KeyName=prod_linear:Signature=c5-oOjm8dddSXIR1g8O_zvWfnLoiKGE-vkvzKyb8y2P_oGg0iEF1v2ibloafPm5fYqAnnXYVMW-PhsgHsxdGDA",
        "user-agent": "Toffee Abu SAEEID X (Linux;Android 14) AndroidXMedia3/1.1.1/64103898/4d2ec9b8c7534adc",
        "client-api-header": "null",
        "accept-encoding": "gzip"
      },
      "logo": "https://assets-prod.services.toffeelive.com/f_webp,w_240,q_100/VC6Q-JQBv9knK3AHhTXt/posters/63e79814-8fcf-4c3e-bb66-408b2a402613.webp"
    },
    {
      "category_name": "Infotainment",
      "name": "Discovery Science",
      "link": "https://bldcmprod-cdn.toffeelive.com/cdn/live/discovery_science/playlist.m3u8",
      "headers": {
        "Host": "bldcmprod-cdn.toffeelive.com",
        "cookie": "Edge-Cache-Cookie=URLPrefix=aHR0cHM6Ly9ibGRjbXByb2QtY2RuLnRvZmZlZWxpdmUuY29t:Expires=1756299874:KeyName=prod_linear:Signature=c5-oOjm8dddSXIR1g8O_zvWfnLoiKGE-vkvzKyb8y2P_oGg0iEF1v2ibloafPm5fYqAnnXYVMW-PhsgHsxdGDA",
        "user-agent": "Toffee Abu SAEEID X (Linux;Android 14) AndroidXMedia3/1.1.1/64103898/4d2ec9b8c7534adc",
        "client-api-header": "null",
        "accept-encoding": "gzip"
      },
      "logo": "https://assets-prod.services.toffeelive.com/f_webp,w_240,q_100/AS6s-JQBv9knK3AHDTZb/posters/eab8fd0f-9351-464c-b45e-332f38b49f4b.webp"
    },
    {
      "category_name": "Infotainment",
      "name": "Discovery Turbo",
      "link": "https://bldcmprod-cdn.toffeelive.com/cdn/live/discovery_turbo/playlist.m3u8",
      "headers": {
        "Host": "bldcmprod-cdn.toffeelive.com",
        "cookie": "Edge-Cache-Cookie=URLPrefix=aHR0cHM6Ly9ibGRjbXByb2QtY2RuLnRvZmZlZWxpdmUuY29t:Expires=1756299874:KeyName=prod_linear:Signature=c5-oOjm8dddSXIR1g8O_zvWfnLoiKGE-vkvzKyb8y2P_oGg0iEF1v2ibloafPm5fYqAnnXYVMW-PhsgHsxdGDA",
        "user-agent": "Toffee Abu SAEEID X (Linux;Android 14) AndroidXMedia3/1.1.1/64103898/4d2ec9b8c7534adc",
        "client-api-header": "null",
        "accept-encoding": "gzip"
      },
      "logo": "https://assets-prod.services.toffeelive.com/f_webp,w_240,q_100/Ay6s-JQBv9knK3AHJTY1/posters/e8f65578-e82d-4e4a-a1ff-073becc5bd71.webp"
    },
    {
      "category_name": "Infotainment",
      "name": "Investigation Discovery HD",
      "link": "https://bldcmprod-cdn.toffeelive.com/cdn/live/discovary_investigation_hd/playlist.m3u8",
      "headers": {
        "Host": "bldcmprod-cdn.toffeelive.com",
        "cookie": "Edge-Cache-Cookie=URLPrefix=aHR0cHM6Ly9ibGRjbXByb2QtY2RuLnRvZmZlZWxpdmUuY29t:Expires=1756299874:KeyName=prod_linear:Signature=c5-oOjm8dddSXIR1g8O_zvWfnLoiKGE-vkvzKyb8y2P_oGg0iEF1v2ibloafPm5fYqAnnXYVMW-PhsgHsxdGDA",
        "user-agent": "Toffee Abu SAEEID X (Linux;Android 14) AndroidXMedia3/1.1.1/64103898/4d2ec9b8c7534adc",
        "client-api-header": "null",
        "accept-encoding": "gzip"
      },
      "logo": "https://assets-prod.services.toffeelive.com/f_webp,w_240,q_100/ay7uX5UBv9knK3AHs6TI/posters/deb3c186-b2e1-4a91-aafb-d86f9128b851.png"
    },
    {
      "category_name": "Kids",
      "name": "Cartoon Network HD +",
      "link": "https://bldcmprod-cdn.toffeelive.com/cdn/live/cartoon_network_hd/playlist.m3u8",
      "headers": {
        "Host": "bldcmprod-cdn.toffeelive.com",
        "cookie": "Edge-Cache-Cookie=URLPrefix=aHR0cHM6Ly9ibGRjbXByb2QtY2RuLnRvZmZlZWxpdmUuY29t:Expires=1756299874:KeyName=prod_linear:Signature=c5-oOjm8dddSXIR1g8O_zvWfnLoiKGE-vkvzKyb8y2P_oGg0iEF1v2ibloafPm5fYqAnnXYVMW-PhsgHsxdGDA",
        "user-agent": "Toffee Abu SAEEID X (Linux;Android 14) AndroidXMedia3/1.1.1/64103898/4d2ec9b8c7534adc",
        "client-api-header": "null",
        "accept-encoding": "gzip"
      },
      "logo": "https://assets-prod.services.toffeelive.com/f_webp,w_240,q_100/1y6e-JQBv9knK3AHNDWb/posters/ee9ba01b-1bcf-436b-b273-7b857f0810fb.webp"
    },
    {
      "category_name": "Kids",
      "name": "Cartoon Network",
      "link": "https://bldcmprod-cdn.toffeelive.com/cdn/live/cartoon_network_sd/playlist.m3u8",
      "headers": {
        "Host": "bldcmprod-cdn.toffeelive.com",
        "cookie": "Edge-Cache-Cookie=URLPrefix=aHR0cHM6Ly9ibGRjbXByb2QtY2RuLnRvZmZlZWxpdmUuY29t:Expires=1756299874:KeyName=prod_linear:Signature=c5-oOjm8dddSXIR1g8O_zvWfnLoiKGE-vkvzKyb8y2P_oGg0iEF1v2ibloafPm5fYqAnnXYVMW-PhsgHsxdGDA",
        "user-agent": "Toffee Abu SAEEID X (Linux;Android 14) AndroidXMedia3/1.1.1/64103898/4d2ec9b8c7534adc",
        "client-api-header": "null",
        "accept-encoding": "gzip"
      },
      "logo": "https://assets-prod.services.toffeelive.com/f_webp,w_240,q_100/mC6W-JQBv9knK3AHfDWA/posters/d2a02d82-fde4-4769-a6d9-95c0560e2120.webp"
    },
    {
      "category_name": "Kids",
      "name": "POGO",
      "link": "https://bldcmprod-cdn.toffeelive.com/cdn/live/pogo_sd/playlist.m3u8",
      "headers": {
        "Host": "bldcmprod-cdn.toffeelive.com",
        "cookie": "Edge-Cache-Cookie=URLPrefix=aHR0cHM6Ly9ibGRjbXByb2QtY2RuLnRvZmZlZWxpdmUuY29t:Expires=1756299874:KeyName=prod_linear:Signature=c5-oOjm8dddSXIR1g8O_zvWfnLoiKGE-vkvzKyb8y2P_oGg0iEF1v2ibloafPm5fYqAnnXYVMW-PhsgHsxdGDA",
        "user-agent": "Toffee Abu SAEEID X (Linux;Android 14) AndroidXMedia3/1.1.1/64103898/4d2ec9b8c7534adc",
        "client-api-header": "null",
        "accept-encoding": "gzip"
      },
      "logo": "https://assets-prod.services.toffeelive.com/f_webp,w_240,q_100/ny6W-JQBv9knK3AHujXC/posters/7e7c2afe-a663-4c09-983a-2d0fa0f1ca9a.webp"
    },
    {
      "category_name": "Kids",
      "name": "Discovery Kids",
      "link": "https://bldcmprod-cdn.toffeelive.com/cdn/live/discovery_kids/playlist.m3u8",
      "headers": {
        "Host": "bldcmprod-cdn.toffeelive.com",
        "cookie": "Edge-Cache-Cookie=URLPrefix=aHR0cHM6Ly9ibGRjbXByb2QtY2RuLnRvZmZlZWxpdmUuY29t:Expires=1756299874:KeyName=prod_linear:Signature=c5-oOjm8dddSXIR1g8O_zvWfnLoiKGE-vkvzKyb8y2P_oGg0iEF1v2ibloafPm5fYqAnnXYVMW-PhsgHsxdGDA",
        "user-agent": "Toffee Abu SAEEID X (Linux;Android 14) AndroidXMedia3/1.1.1/64103898/4d2ec9b8c7534adc",
        "client-api-header": "null",
        "accept-encoding": "gzip"
      },
      "logo": "https://assets-prod.services.toffeelive.com/f_webp,w_240,q_100/1i6e-JQBv9knK3AHHTXR/posters/325887a7-84ea-4cf9-a6fd-6111ddc25671.webp"
    }
  ]
}